<?xml version="1.0" encoding="UTF-8"?>
<project-private xmlns="http://www.netbeans.org/ns/project-private/1">
    <editor-bookmarks xmlns="http://www.netbeans.org/ns/editor-bookmarks/2" lastBookmarkId="0"/>
    <open-files xmlns="http://www.netbeans.org/ns/projectui-open-files/2">
        <group>
            <file>file:/C:/Users/Andrew/Documents/NetBeansProjects/IP1/src/ip1/IP1.java</file>
            <file>file:/C:/Users/Andrew/Documents/NetBeansProjects/IP1/src/ip1/Admin.java</file>
            <file>file:/C:/Users/Andrew/Documents/NetBeansProjects/IP1/src/ip1/University.java</file>
            <file>file:/C:/Users/Andrew/Documents/NetBeansProjects/IP1/src/ip1/customerDB.java</file>
            <file>file:/C:/Users/Andrew/Documents/NetBeansProjects/IP1/src/ip1/Customer.java</file>
            <file>file:/C:/Users/Andrew/Documents/NetBeansProjects/IP1/src/ip1/Tutor.java</file>
            <file>file:/C:/Users/Andrew/Documents/NetBeansProjects/IP1/src/ip1/HomePage.java</file>
            <file>file:/C:/Users/Andrew/Documents/NetBeansProjects/IP1/src/ip1/Lesson.java</file>
        </group>
    </open-files>
</project-private>
